Wall time,Step,Value
1732129781.579643,0,1.0915138721466064
1732132904.26752,100,0.9274435639381409
1732132964.695691,101,0.9276238083839417
