Wall time,Step,Value
1732115514.91955,0,1.1019693613052368
1732118772.906826,100,1.064576268196106
1732119011.499787,101,1.0653022527694702
