Wall time,Step,Value
1732207608.54914,0,1.0818698406219482
1732210831.80425,100,0.9210178852081299
1732211085.621672,101,0.9211239814758301
