Wall time,Step,Value
1732214321.335231,0,1.0821527242660522
1732217572.881652,100,0.917473316192627
1732217823.60185,101,0.9173867106437683
